﻿<parameters>
  <parameter name="IIS Web Application Name" defaultValue="PeopleSearchApplication" tags="IisApp">
    <parameterEntry kind="ProviderPath" scope="IisApp" match="^C:\\Users\\He\ Man\\documents\\visual\ studio\ 2010\\Projects\\PeopleSearchApplication\\PeopleSearchApplication\\obj\\Release\\Package\\PackageTmp$" />
    <parameterEntry kind="ProviderPath" scope="setAcl" match="^C:\\Users\\He\ Man\\documents\\visual\ studio\ 2010\\Projects\\PeopleSearchApplication\\PeopleSearchApplication\\obj\\Release\\Package\\PackageTmp$" />
  </parameter>
  <parameter name="Add write permission to App_Data Folder" description="Add write permission to App_Data folder" defaultValue="{IIS Web Application Name}/App_Data" tags="Hidden">
    <parameterEntry kind="ProviderPath" scope="setAcl" match="^C:\\Users\\He\ Man\\documents\\visual\ studio\ 2010\\Projects\\PeopleSearchApplication\\PeopleSearchApplication\\obj\\Release\\Package\\PackageTmp\\App_Data$" />
  </parameter>
  <parameter name="SampleDBContext-Web.config Connection String" defaultValue="metadata=res://*/Models.SampleDataModel.csdl|res://*/Models.SampleDataModel.ssdl|res://*/Models.SampleDataModel.msl;provider=System.Data.SqlClient;provider connection string='data source=.\SQLEXPRESS;attachdbfilename=&quot;C:\Users\He Man\Desktop\PeopleSearchDB.sql&quot;;integrated security=True;connect timeout=30;user instance=True;MultipleActiveResultSets=True;App=EntityFramework'">
    <parameterEntry kind="XmlFile" scope="C:\\Users\\He\ Man\\documents\\visual\ studio\ 2010\\Projects\\PeopleSearchApplication\\PeopleSearchApplication\\obj\\Release\\Package\\PackageTmp\\Web\.config$" match="/configuration/connectionStrings/add[@name='SampleDBContext']/@connectionString" />
  </parameter>
  <parameter name="SampleDBContext-Deployment Connection String" defaultValue="Data Source=.\SQLEXPRESS;AttachDbFilename=&quot;C:\Users\He Man\Desktop\PeopleSearchDB.sql&quot;;Integrated Security=True;Connect Timeout=30;User Instance=True" tags="SqlConnectionString">
    <parameterEntry kind="ProviderPath" scope="DbDacFx" match="^C:\\Users\\He\ Man\\documents\\visual\ studio\ 2010\\Projects\\PeopleSearchApplication\\PeopleSearchApplication\\obj\\Release\\AutoScripts\\SampleDBContext_IncrementalSchemaOnly\.dacpac$" />
  </parameter>
</parameters>